state,formula_model,status,source_url,last_verified,notes
Federal,shared_engine,SHIPPED,https://www.irs.gov/pub/irs-drop/rp-25-32.pdf,2026-07-26,"IRS Revenue Procedure 2025-32 (incorporates OBBBA changes). 2026 single-filer standard deduction $16,100; brackets 10/12/22/24/32/35/37% at $12,400/$50,400/$105,700/$201,775/$256,225/$640,600. FICA: SS 6.2% up to $184,500 wage base, Medicare 1.45% + 0.9% additional over $200,000, per Paycor/Paychex/Mercer Advisors payroll-industry corroboration."
Texas,no_income_tax,SHIPPED,https://comptroller.texas.gov/,2026-07-26,"No state income tax, Tex. Const. art. VIII §24 (2019 voter-approved amendment). No local income tax."
Florida,no_income_tax,SHIPPED,https://floridarevenue.com/,2026-07-26,"No state income tax, Fla. Const. art. VII §5 (since 1924). No local income tax."
Pennsylvania,flat_tax,SHIPPED,https://www.revenue.pa.gov/,2026-07-26,"Flat 3.07% since 2004, no standard deduction/exemption. Local EIT (1-3.9%+, Philadelphia highest) explicitly excluded and disclosed via local_tax_note — often exceeds the state tax itself."
Illinois,flat_tax,SHIPPED,https://tax.illinois.gov/,2026-07-26,"Flat 4.95% (IL Constitution art. IX §3 prohibits graduated rates). Personal exemption $2,425/filer for 2026. No local income tax."
Georgia,flat_tax,SHIPPED,https://gov.georgia.gov/press-releases/2026-05-11/gov-kemp-signs-legislation-lowering-taxes-and-supporting-economic-growth,2026-07-26,"HB 463 signed 2026-05-11 cut flat rate from 5.19% to 4.99%, retroactive to 2026-01-01. Standard deduction $15,000 single. Verified via Governor's office primary press release after DOR direct page returned no relevant press release; corroborated by dor.georgia.gov withholding guide per Bloomberg Tax. No local income tax."
North Carolina,flat_tax,SHIPPED,https://www.ncdor.gov/taxes-forms/individual-income-tax/tax-rate-schedules,2026-07-26,"Flat 3.99% for taxable years after 2025 (Session Law 2023-134 phase-down), read directly from NCDOR Tax Rate Schedules page. Standard deduction $12,750 single (current law) — pending bill S437 would raise to $13,000 but not enacted as of last_verified date, flagged for recheck. No local income tax."
Michigan,flat_tax,SHIPPED,https://www.michigan.gov/taxes,2026-07-26,"Flat 4.25% for 2026 (MCL 206.51). Personal exemption $5,900 per Treasury 2026 Withholding Guide (Form 446). Local city tax (Detroit 2.4% residents, others) excluded and disclosed via local_tax_note."
California,progressive_brackets,SHIPPED,https://www.ftb.ca.gov/,2026-07-26,"9 marginal brackets 1%-12.3% plus 1% Mental Health Services Tax over $1,000,000 (13.3% top effective). Standard deduction $5,706 single. FTB has not published final inflation-indexed 2026 dollar thresholds as of last_verified (typically released fall) — used most recently projected figures (ustax.tools cross-check of FTB rate structure), flagged for recheck once FTB publishes final 2026 numbers. SDI 1.3% employee, no wage cap since 2024, added as extra_payroll_tax."
New York,progressive_brackets,SHIPPED,https://www.tax.ny.gov/,2026-07-26,"9 brackets 4%-10.9% for single filers, FY2026 budget cut bottom 5 bracket rates 0.1pt. Standard deduction $8,000 single. PFL 0.432% capped $411.91/yr (NY OSC Payroll Bulletin 2402) added as extra_payroll_tax. NYC/Yonkers local tax (3.078%-3.876%) excluded and disclosed via local_tax_note — largest local-tax gap in this 10-state set given NYC population share of NY search volume."
Ohio,progressive_brackets,SHIPPED,https://tax.ohio.gov/individual/resources/annual-tax-rates,2026-07-26,"Completion of multi-year phase-down: 0% up to $26,050, flat 2.75% above, for 2026. Direct fetch of tax.ohio.gov failed (DNS/network error in this environment) — used corroboration across 5+ independent secondary sources (ustax.tools, americantaxservice.org, darkhorse.cpa, countrytaxcalc.com, prosalarytax.com) all citing the same single-2.75%-bracket structure and tax.ohio.gov as source, per plan's explicit flag that OH numbers were unsettled in secondary aggregators. Flagged for direct primary-source re-verification when tax.ohio.gov is reachable. Municipal income tax (600+ cities, 1-3%, often exceeds state tax) excluded and disclosed via local_tax_note — highest-priority local-tax gap in this set."
Alabama,progressive_brackets,SHIPPED,https://www.revenue.alabama.gov/,2026-07-26,"Ala. Code § 40-18-5 — 3-bracket schedule; § 40-18-15 permits deducting federal income tax paid"
Alaska,no_income_tax,SHIPPED,https://tax.alaska.gov/,2026-07-26,"Alaska repealed its personal income tax in 1980"
Arizona,flat_tax,SHIPPED,https://azdor.gov/,2026-07-26,"Ariz. Rev. Stat. § 43-1011 — flat 2.5% rate effective 2023"
Arkansas,progressive_brackets,SHIPPED,https://www.dfa.arkansas.gov/,2026-07-26,"Top rate cut to 3.7% retroactive to 2026-01-01"
Colorado,flat_tax,SHIPPED,https://tax.colorado.gov/,2026-07-26,"Colo. Const. art. X (flat rate mandate) — 4.4% per Proposition 121 (2022)"
Connecticut,progressive_brackets,SHIPPED,https://portal.ct.gov/drs,2026-07-26,"Conn. Gen. Stat. § 12-700"
Delaware,progressive_brackets,SHIPPED,https://revenue.delaware.gov/,2026-07-26,"Del. Code tit. 30 § 1102"
District of Columbia,progressive_brackets,SHIPPED,https://otr.cfo.dc.gov/,2026-07-26,"D.C. Code § 47-1806.03"
Hawaii,progressive_brackets,SHIPPED,https://files.hawaii.gov/tax/,2026-07-26,"Haw. Rev. Stat. § 235-51 — 12-bracket schedule"
Idaho,flat_tax,SHIPPED,https://tax.idaho.gov/,2026-07-26,"HB 40 (2025) — flat 5.3% rate"
Indiana,flat_tax,SHIPPED,https://www.in.gov/dor/,2026-07-26,"Ind. Code § 6-3-2-1 — flat 2.95% for 2026"
Iowa,flat_tax,SHIPPED,https://revenue.iowa.gov/,2026-07-26,"SF 2442 (2024) — flat 3.8% effective 2026, completing the phase-down from a 6-bracket system topping out at 8.53%"
Kansas,progressive_brackets,SHIPPED,https://www.ksrevenue.gov/,2026-07-26,"Kan. Stat. § 79-32,110"
Kentucky,flat_tax,SHIPPED,https://revenue.ky.gov/,2026-07-26,"Ky. Rev. Stat. § 141.020 — cut to 3.5% effective 2026-01-01"
Louisiana,flat_tax,SHIPPED,https://revenue.louisiana.gov/,2026-07-26,"Constitutional Amendment 2 (Nov. 2024) — flat 3% rate replacing the prior 1.85%-4.25% brackets"
Maine,progressive_brackets,SHIPPED,https://www.maine.gov/revenue/,2026-07-26,"36 M.R.S. § 5111"
Maryland,progressive_brackets,SHIPPED,https://www.marylandtaxes.gov/,2026-07-26,"Md. Code, Tax-General § 10-105 — 2026 budget added a 6.5% top bracket over $1,000,000"
Massachusetts,flat_tax,SHIPPED,https://www.mass.gov/orgs/massachusetts-department-of-revenue,2026-07-26,"Mass. Gen. Laws ch. 62 § 4 — flat 5% plus 4% surtax on income over $1M (2022 ballot amendment)"
Minnesota,progressive_brackets,SHIPPED,https://www.revenue.state.mn.us/,2026-07-26,"Minn. Stat. § 290.06"
Mississippi,flat_tax,SHIPPED,https://www.dor.ms.gov/,2026-07-26,"Miss. Code § 27-7-5 — first $10,000 exempt, flat 4.4% above"
Missouri,progressive_brackets,SHIPPED,https://dor.mo.gov/,2026-07-26,"Mo. Rev. Stat. § 143.011"
Montana,progressive_brackets,SHIPPED,https://mtrevenue.gov/,2026-07-26,"Mont. Code § 15-30-2103"
Nebraska,progressive_brackets,SHIPPED,https://revenue.nebraska.gov/,2026-07-26,"Neb. Rev. Stat. § 77-2715.03 — cut to 3-bracket, 4.55% top rate for 2026"
Nevada,no_income_tax,SHIPPED,https://tax.nv.gov/,2026-07-26,"Nev. Const. art. 10 — no personal income tax"
New Hampshire,no_income_tax,SHIPPED,https://www.revenue.nh.gov/,2026-07-26,"Interest & Dividends Tax fully repealed effective 2025-01-01 — no tax on any personal income including wages"
New Jersey,progressive_brackets,SHIPPED,https://www.nj.gov/treasury/taxation/,2026-07-26,"N.J. Stat. § 54A:2-1 — 7-bracket schedule"
New Mexico,progressive_brackets,SHIPPED,https://www.tax.newmexico.gov/,2026-07-26,"N.M. Stat. § 7-2-7, as amended by HB 252 (2024)"
North Dakota,progressive_brackets,SHIPPED,https://www.tax.nd.gov/,2026-07-26,"N.D. Cent. Code § 57-38-30.3"
Oklahoma,progressive_brackets,SHIPPED,https://oklahoma.gov/tax.html,2026-07-26,"Okla. Stat. tit. 68 § 2355"
Oregon,progressive_brackets,SHIPPED,https://www.oregon.gov/dor/,2026-07-26,"Or. Rev. Stat. § 316.037"
Rhode Island,progressive_brackets,SHIPPED,https://tax.ri.gov/,2026-07-26,"R.I. Gen. Laws § 44-30-2.6"
South Carolina,progressive_brackets,SHIPPED,https://dor.sc.gov/,2026-07-26,"H.4216 (signed 2026-03-30) — 2-bracket overhaul, 1.99% under $30,000 / 5.21% above, decoupling from the federal standard deduction"
South Dakota,no_income_tax,SHIPPED,https://dor.sd.gov/,2026-07-26,"S.D. Const. art. XI — no personal income tax"
Tennessee,no_income_tax,SHIPPED,https://www.tn.gov/revenue,2026-07-26,"Hall Tax (on interest/dividends) fully repealed 2021-01-01 — no tax on any personal income including wages"
Utah,flat_tax,SHIPPED,https://tax.utah.gov/,2026-07-26,"SB 60 (2026) — flat 4.45% rate, down from 4.5%"
Vermont,progressive_brackets,SHIPPED,https://tax.vermont.gov/,2026-07-26,"32 V.S.A. § 5822"
Virginia,progressive_brackets,SHIPPED,https://www.tax.virginia.gov/,2026-07-26,"Va. Code § 58.1-320"
Washington,no_income_tax,SHIPPED,https://dor.wa.gov/,2026-07-26,"No personal income tax on wages"
West Virginia,progressive_brackets,SHIPPED,https://tax.wv.gov/,2026-07-26,"W. Va. Code § 11-21-4e — rates cut ~5% for 2026"
Wisconsin,progressive_brackets,SHIPPED,https://www.revenue.wi.gov/,2026-07-26,"Wis. Stat. § 71.06"
Wyoming,no_income_tax,SHIPPED,https://revenue.wyo.gov/,2026-07-26,"No personal income tax"
